split,accuracy,macro_f1,weighted_f1
VAL,0.5090293453724605,0.2753054419616363,0.5013220026426889
TEST,0.49500554938956715,0.2668608812939442,0.49330953439008074
