,P_ADM,P_ANN,P_DIS,P_MNT,P_NEU,P_SAT
G_ADM,0.4375,0.0,0.0,0.0,0.53125,0.03125
G_ANN,0.0625,0.03125,0.0,0.0,0.890625,0.015625
G_DIS,0.17391304347826086,0.0,0.0,0.0,0.7391304347826086,0.08695652173913043
G_MNT,0.0392156862745098,0.0392156862745098,0.0,0.0,0.9019607843137255,0.0196078431372549
G_NEU,0.3333333333333333,0.0,0.0,0.0,0.6666666666666666,0.0
G_SAT,0.2,0.0,0.0,0.0,0.76,0.04
