split,accuracy,macro_f1,weighted_f1
VAL,0.5564334085778782,0.2912270642568578,0.533535241847868
TEST,0.55826859045505,0.2906949488766246,0.5356046431449017
